,name,age
0,Christopher Andersen,52
1,Bernard Stewart,61
2,Heather Reed,81
3,Mariah Harris,50
4,Larry Mills,68
5,Christopher Mendoza,77
6,Megan Stevenson,55
7,Michael Riley,61
8,Dr. Lucas Williams,54
9,Sherry Barrett,96
10,Kristy Ortiz,86
11,Jade Mitchell,55
12,Donald Lindsey,72
13,Beverly Wheeler,82
14,Nicholas Powell,67
15,Bradley Miller,77
16,Michelle Jones,68
17,Jose Page,69
18,William Prince,71
19,Shari Clark,76
20,Maria Moody,69
21,Chelsea Hawkins,65
22,Rachel Moore,59
23,Luis Jones,72
24,Justin Guzman,93
25,Amy Mitchell,79
26,Christian Potter,83
27,Robin Anderson,56
28,Kelly Kelly,92
29,Sarah Miller,92
30,Daniel Hawkins,51
31,Daniel Hall,62
32,Madison Torres,55
33,Gina Ramirez,61
34,Amy Davis,71
35,Paige Perry,61
36,Michael Nixon,94
37,Dr. Kenneth Jacobson DDS,81
38,Michael Jones,89
39,Nicholas Scott,99
40,Trevor Reid,83
41,Yolanda Houston,90
42,Kevin Rogers,97
43,Ryan Thomas,59
44,Shelley Franklin,92
45,Heather Jacobs,65
46,Michelle Wheeler,73
47,Jeffrey Clark,86
48,James Brown,76
49,Michelle Curry,74
50,Rebecca Huber,93
51,Walter Reynolds,69
52,Anthony Hogan,65
53,Karen Mann,99
54,Amber Wright,62
55,Lauren Butler,88
56,Lawrence Morgan,95
57,Michael Bishop,100
58,John Sanchez,73
59,Mrs. Katherine Lopez,82
60,Eddie Roberts,85
61,Kim Wolf,60
62,Rita Herrera,57
63,Melissa Martin,69
64,Evelyn Peterson,73
65,Amy Murphy,92
66,William Wilson,94
67,Mrs. Linda Berger PhD,98
68,Claudia Robinson,59
69,Shawn York,52
70,Jonathan Russell,67
71,Latoya Morgan,79
72,Dustin Harvey,50
73,Timothy Fernandez,99
74,Steven Turner,96
75,Matthew Johnson,68
76,Marcus Liu,60
77,Corey Terrell,96
78,Michael Barber,70
79,Christy Lewis,78
80,Kyle Parsons,83
81,Jose Lawson,95
82,Michael Ramos,91
83,Ryan Dunlap,71
84,Matthew Stokes,90
85,Theresa Murillo,81
86,John Tucker,71
87,Richard Sandoval,55
88,Molly Bernard,56
89,Jose Rodriguez,96
90,Dennis Gross,76
91,Julie Miranda,87
92,Alexa Jones,53
93,Charles Hudson,62
94,James Peterson,97
95,Dr. Devon Jimenez PhD,86
96,Joseph Myers,90
